number2,number3,zero,x,y,z
1,8,0,4.297509,-0.41683,0.779718
2,6,0,3.352867,-0.550131,-0.131824
3,8,0,3.552815,-1.058399,-1.17716
4,6,0,1.972447,-0.040942,0.296806
5,6,0,1.161773,0.447672,-0.914537
6,7,0,2.116401,0.919714,1.383471
7,6,0,-0.259005,0.792082,-0.571995
8,6,0,-0.801327,2.025118,-0.489439
9,7,0,-2.125405,1.949064,-0.129963
10,6,0,-2.468222,0.631544,0.012071
11,6,0,-1.327002,-0.134155,-0.252568
12,6,0,-1.41407,-1.529277,-0.188783
13,6,0,-3.689737,0.050081,0.347649
14,6,0,-3.744846,-1.321454,0.409307
15,6,0,-2.615039,-2.109568,0.141196
16,1,0,3.932359,0.049528,1.521484
17,1,0,1.482463,-0.915478,0.716417
18,1,0,1.193114,-0.319958,-1.677437
19,1,0,1.656646,1.318913,-1.337538
20,1,0,1.286319,0.959169,1.937131
21,1,0,2.277715,1.842536,1.028984
22,1,0,-0.343383,2.97719,-0.669364
23,1,0,-2.745403,2.718468,-0.061241
24,1,0,-0.558205,-2.144357,-0.404434
25,1,0,-4.559164,0.650927,0.548218
26,1,0,-4.67258,-1.802016,0.664183
27,1,0,-2.696479,-3.180364,0.191287
